<?xml version="1.0" encoding="UTF-8"?>
<project-private xmlns="http://www.netbeans.org/ns/project-private/1">
    <editor-bookmarks xmlns="http://www.netbeans.org/ns/editor-bookmarks/2" lastBookmarkId="0"/>
    <open-files xmlns="http://www.netbeans.org/ns/projectui-open-files/2">
        <group>
            <file>file:/C:/Users/tusha/OneDrive/Documents/NetBeansProjects/dbms/src/dbms/JLabelExample.java</file>
            <file>file:/C:/Users/tusha/OneDrive/Documents/NetBeansProjects/dbms/src/dbms/Dbms.java</file>
            <file>file:/C:/Users/tusha/OneDrive/Documents/NetBeansProjects/dbms/src/dbms/dbms1.java</file>
            <file>file:/C:/Users/tusha/OneDrive/Documents/NetBeansProjects/dbms/test/Lab07.java</file>
        </group>
    </open-files>
</project-private>
